id;documento;tipo_documento;nombre;apellidos;email;telefono;rol;proyecto;ubicacion;manager_nombre;manager_email;talent_mentor_nombre;talent_mentor_email
1;Buckinghamshire Internal;SDD multimedia Soft;synthesize;Steel;"4GvpT@fLXnq.Xa";redundant Buckinghamshire COM;Steel;Berkshire even-keeled SCSI;Intelligent;Borders program solid state;open-source Automotive Health;Metrics PCI Handcrafted Rubber Pants;morph
2;bluetooth real-time;4th generation microchip;Legacy;Face to face Cyprus;"v1)y+@1?m:]Z.<h$P3";Intuitive;impactful Beauty Human;Open-source transmitter Oklahoma;collaborative;Investment Account demand-driven;methodology open-source Executive;indigo Avon bypassing;backing up invoice concept
3;hack Equatorial Guinea;Industrial Checking Account;Ergonomic Granite Cheese Fords;Legacy payment;"I@`Ai.g#.<b";Tuna platforms;Fantastic Meadow XML;Rustic Papua New Guinea;Shoes redundant;Engineer;Slovakia (Slovak Republic) SMS cyan;input pixel;Assimilated Fresh Tactics
4;Infrastructure Mews Indiana;systemic withdrawal Designer;Borders Palestinian Territory;generating;"a?`L@S6m&(.:";even-keeled Louisiana;Tasty Solutions Table;Health;Supervisor SSL;innovate Alabama Beauty;Implementation;Pizza Awesome Wooden Hat;technologies Incredible markets
5;European Monetary Unit (E.M.U.-6);3rd generation action-items;expedite withdrawal;New York;".APNO@<Eh.C";copying;Salad;Brand copying Representative;program;applications;Practical Steel Chair;Interactions;back-end Rwanda Franc system-worthy
6;Island Liberia;District;implementation;South Georgia and the South Sandwich Islands Tools;"#1:@jK.A~R0i";bluetooth Organic aggregate;Grocery Practical Granite Sausages Roads;Pants Nevada;THX Maine;Rustic Soft Towels;Idaho Flat;invoice Florida;4th generation Clothing Quality
7;Open-architected;Rubber Creative;architect;TCP TCP;"<Q)^0@|/2=G.1a";Pass Oklahoma Granite;withdrawal Intelligent Steel Towels;Kansas;Rustic Granite Tuna Intelligent Balanced;Assimilated panel Dynamic;purple;silver mobile users;bleeding-edge Fantastic Metal Shoes program
8;Unbranded Maryland;Practical Metal Keyboard deposit;Checking Account CSS orchid;Uruguay Awesome Steel Chicken;"Xrv&2m@49*.~YB}Su";Tugrik;hard drive;sensor Personal Loan Account;Architect Avon;Generic;Jewelery;secured line;Nepal synthesize
9;multi-tasking Pizza Buckinghamshire;Small;lavender index Directives;Bike copy;"3/tr@2._Q";Borders;Agent contextually-based;transform rich Ergonomic;Home Loan Account Checking Account;Bedfordshire;Guatemala Investor leverage;systems copy;Cambridgeshire Quality Assistant
10;Games Forint payment;Connecticut;Kwanza;port SMTP Incredible;"f!CF+@VyBl}).k1zT";facilitate South Carolina upward-trending;Somoni Cambridgeshire;Program Grove Hong Kong;Pula invoice;application sensor;Personal Loan Account firewall;Principal instruction set standardization;Ball
